amplicon,n_samples,n_samples_pass_cov,sample_mean_cov,sample_med_cov,amplicon_cov_pass
crt,20,19,46.5066545330452,13.1703665462055,False
dhfr,20,19,832.160006264775,132.21859659255,True
dhps,20,19,1100.38975169677,316.854212253829,True
kelch13,20,19,512.462110271381,80.7232096184004,True
mdr1,20,19,1807.21638582794,594.448714550755,True
msp2,20,19,248.590905777292,80.9220430107527,True
pmi,20,19,454.84938155543,180.972267010642,True
pmiii,20,19,710.895538873575,342.873414071511,True
